<?xml version="1.0" encoding="utf-8" standalone="no"?>
<!--=====================================================================================================
	BetterContracts GUI PROFILES
	Purpose:     Enhance ingame contracts menu.
	Author:      Mmtrx       
	Changelog:
	 v0.1        17.03.2021  initial beta
	 v1.0.0      20.04.2021  submit for release 
	 v1.1.0.4    07.07.2021  (Mmtrx) add user-defined missionVehicles.xml, allow missions with no vehicles
	 v1.2.0.0    18.01.2022  (Mmtrx) adapt for FS22
=======================================================================================================-->

<GUIProfiles>
	<Presets>
		<Preset name="len398" value="398px 40px" />
		<Preset name="colorTransparent" value="0 0 0 0"/>
		<Preset name="colorMainUI" value="0.0227 0.5346 0.8519 1.0" />
		<Preset name="colorMainUI_60" value="0.0227 0.5346 0.8519 0.6"/>
		<Preset name="colorMainUI_10" value="0.0227 0.5346 0.8519 0.1"/>
		<Preset name="colorMainUI_6"  value="0.0227 0.5346 0.8519 0.06"/>
		<Preset name="colorGlass" value="0.0036 0.0056 0.0065 0.5" />
		<Preset name="colorWhite" value="1 1 1 1" />
		<Preset name="colorDisabled" value="0.4 0.4 0.4 1"/>
	</Presets>
	<Traits>
		<Trait name="buttonActive">
			<Value name="iconColor" value="$preset_colorMainUI" />
			<Value name="iconHighlightedColor" value="$preset_colorWhite" />
			<Value name="iconFocusedColor" value="$preset_colorMainUI" />
		</Trait>
		<Trait name="myFilterButtonInactive">
			<Value name="textColor" value="$preset_colorDisabled"/>
			<Value name="textFocusedColor" value="$preset_colorDisabled"/>
			<Value name="textSelectedColor" value="$preset_colorDisabled"/>
			<Value name="textBold" value="false"/>
		</Trait>
	</Traits>

	<!-- Display Text  - - - - - - - - - - - - - - - - - - - - - -  -->
	<Profile name="betterContractsLeft" extends="textDefault">
		<Value name="screenAlign" value="topLeft" />
		<Value name="positionOrigin" value="topLeft" />
		<Value name="size" value="200px 30px" />
		<Value name="textSize" value="16px"/>
	</Profile>
	<Profile name="betterContractsRight" extends="betterContractsLeft" >
		<Value name="textColor" value="$preset_colorMainUI" />
		<Value name="textAlignment" value="right" />
	</Profile>

	<!-- Sortbox Frame   - - - - - - - - - - - - - - - - - - - - -  -->
	<Profile name="SeeContSortbox" extends="emptyPanel">
		<Value name="hasFrame" value="true" />
		<Value name="frameThickness" value="0 1px 1px 0dp" />
		<Value name="frameTopColor" value="$preset_colorMainUI" />
		<Value name="frameRightColor" value="$preset_colorMainUI" />
	</Profile>
	<!-- Sortbox Buttons - - - - - - - - - - - - - - - - - - - - -  -->
	<Profile name="SeeContsortCat" extends="buttonBase">
		<Value name="handleFocus" value="true" />
		<Value name="size" value="39px 39px" />
		<Value name="iconSize" value="40px 40px" />
		<Value name="margin" value="0 0 1.2px 0" />
		<Value name="imageColor" value="$preset_colorGlass" />
		<Value name="iconHighlightedColor" value="$preset_colorMainUI" />
		<Value name="iconTextOffset" value="0px 0px" />
		<Value name="iconUVs" value="960px 96px 48px 48px" />
		<Value name="textAlignment" value="left" />
		<Value name="clickSound" value="PAGING" />
		<Value name="onHighlight" value="onHighlightCallback" />
		<Value name="onHighlightRemove" value="onHighlightRemoveCallback" />
	</Profile>
	<Profile name="SeeContsortProf" extends="SeeContsortCat">
		<Value name="iconUVs" value="0px 288px 48px 48px" />
	</Profile>
	<Profile name="SeeContsortpMin" extends="SeeContsortCat">
		<Value name="iconUVs" value="768px 288px 48px 48px" />
	</Profile>

	<Profile name="SeeContactiveCat" extends="SeeContsortCat" with="buttonActive" />
	<Profile name="SeeContactiveProf" extends="SeeContsortProf" with="buttonActive" />
	<Profile name="SeeContactivepMin" extends="SeeContsortpMin" with="buttonActive" />

	<!-- Filterbox Buttons - - - - - - - - - - - - - - - - - - - - -  -->
	<Profile name="myFilterOptionPage" extends="emptyPanel" with="anchorMiddleLeft">
		<Value name="alignmentY" value="bottom"/>
		<Value name="handleFocus" value="true"/>
		<Value name="flowDirection" value="horizontal"/>
		<!--Value name="lateralFlowSize" value="45px"/-->
	</Profile>
	<Profile name="myFilterDynamicButton" extends="baseReference" >
		<Value name="handleFocus" value="true"/>
		<Value name="size" value="131px 45px"/>
		<Value name="iconSize" value="0"/>
		<Value name="iconColor" value="$preset_colorTransparent"/>
		<Value name="imageColor" value="$preset_colorMainUI_10"/>
		<Value name="imageFocusedColor" value="$preset_colorMainUI_60"/>
		<Value name="imageHighlightedColor" value="$preset_colorMainUI_60"/>
		<Value name="textAlignment" value="right"/>
		<Value name="margin" value="0px 0px 1px 0px"/>
	</Profile>
	<Profile name="myFilterDynamicButtonAlt" extends="myFilterDynamicButton">
		<Value name="imageColor" value="$preset_colorMainUI_6"/>
	</Profile>
	<Profile name="myFilterDynamicText" extends="baseReference" with="anchorMiddleRight">
		<Value name="position" value="-3px 0px"/>
		<Value name="size" value="128px 38px"/>
		<Value name="textColor" value="$preset_colorWhite"/>
		<Value name="textHighlightedColor" value="$preset_colorWhite"/>
		<Value name="textFocusedColor" value="$preset_colorWhite"/>
		<Value name="textSelectedColor" value="$preset_colorWhite"/>
		<Value name="textDisabledColor" value="$preset_colorDisabled"/>
		<Value name="textSize" value="18px"/>
		<Value name="textAlignment" value="center"/>
		<Value name="textBold" value="true"/>
	</Profile>
	<Profile name="myFilterDynamicTextInactive" extends="myFilterDynamicText" with="myFilterButtonInactive"/>
	
	<Profile name="missionVehicleText" extends="ingameMenuMapContextText" >
		<Value name="textColor" value="$preset_colorMainUI" />
	</Profile>
	
</GUIProfiles>
